{
  "minecraft:iron_chestplate": [
    {
      "insulation": 1.2,
      "identity": {},
      "temperature": 1.0
    }
  ],
  "minecraft:leather_chestplate": [
    {
      "insulation": 2.0,
      "identity": {},
      "temperature": 1.0
    }
  ],
  "survivaloverhaul:snow_chestplate": [
    {
      "insulation": 1.0,
      "identity": {},
      "temperature": 4.5
    }
  ],
  "minecraft:iron_leggings": [
    {
      "insulation": 1.2,
      "identity": {},
      "temperature": 0.0
    }
  ],
  "minecraft:leather_boots": [
    {
      "insulation": 2.0,
      "identity": {},
      "temperature": 0.25
    }
  ],
  "minecraft:leather_leggings": [
    {
      "insulation": 2.0,
      "identity": {},
      "temperature": 0.75
    }
  ],
  "survivaloverhaul:snow_boots": [
    {
      "insulation": 1.0,
      "identity": {},
      "temperature": 10.0
    }
  ],
  "survivaloverhaul:desert_leggings": [
    {
      "insulation": 1.0,
      "identity": {},
      "temperature": -3.5
    }
  ],
  "survivaloverhaul:desert_boots": [
    {
      "insulation": 1.0,
      "identity": {},
      "temperature": -10.0
    }
  ],
  "survivaloverhaul:desert_chestplate": [
    {
      "insulation": 1.0,
      "identity": {},
      "temperature": -4.0
    }
  ],
  "minecraft:iron_boots": [
    {
      "insulation": 1.2,
      "identity": {},
      "temperature": 0.0
    }
  ],
  "minecraft:leather_helmet": [
    {
      "insulation": 2.0,
      "identity": {},
      "temperature": 0.5
    }
  ],
  "artifacts:scarf_of_invisibility": [
    {
      "insulation": 1.0,
      "identity": {},
      "temperature": 2.5
    }
  ],
  "minecraft:iron_helmet": [
    {
      "insulation": 1.2,
      "identity": {},
      "temperature": 0.0
    }
  ],
  "survivaloverhaul:snow_leggings": [
    {
      "insulation": 1.0,
      "identity": {},
      "temperature": 3.5
    }
  ],
  "survivaloverhaul:desert_helmet": [
    {
      "insulation": 1.0,
      "identity": {},
      "temperature": -2.0
    }
  ],
  "artifacts:villager_hat": [
    {
      "insulation": 1.0,
      "identity": {},
      "temperature": -2.5
    }
  ],
  "artifacts:lucky_scarf": [
    {
      "insulation": 1.0,
      "identity": {},
      "temperature": 2.5
    }
  ],
  "survivaloverhaul:snow_helmet": [
    {
      "insulation": 1.0,
      "identity": {},
      "temperature": 2.0
    }
  ]
}